id,email,firstname,lastname,password
1, 'test1@gmail.com', 'F1', 'L1', '123'
2, 'test2@gmail.com', 'F2', 'L2', '123'
3, 'test3@gmail.com', 'F3', 'L3', '123'
4, 'test4@gmail.com', 'F4', 'L4', '123'
5, 'test5@gmail.com', 'F5', 'L5', '123'
6, 'test6@gmail.com', 'F6', 'L6', '123'
7, 'test7@gmail.com', 'F7', 'L7', '123'
8, 'test8@gmail.com', 'F8', 'L8', '123'
9, 'test9@gmail.com', 'F9', 'L9', '123'
10, 'test10@gmail.com', 'F10', 'L10', '123'
11, 'test11@gmail.com', 'F11', 'L11', '123'
12, 'test12@gmail.com', 'F12', 'L12', '123'
13, 'test13@gmail.com', 'F13', 'L13', '123'
14, 'test14@gmail.com', 'F14', 'L14', '123'
15, 'test15@gmail.com', 'F15', 'L15', '123'
16, 'test16@gmail.com', 'F16', 'L16', '123'
17, 'test17@gmail.com', 'F17', 'L17', '123'
18, 'test18@gmail.com', 'F18', 'L18', '123'
19, 'test19@gmail.com', 'F19', 'L19', '123'
20, 'test20@gmail.com', 'F20', 'L20', '123'
21, 'test21@gmail.com', 'F21', 'L21', '123'
22, 'test22@gmail.com', 'F22', 'L22', '123'
23, 'test23@gmail.com', 'F23', 'L23', '123'
24, 'test24@gmail.com', 'F24', 'L24', '123'
25, 'test25@gmail.com', 'F25', 'L25', '123'
26, 'test26@gmail.com', 'F26', 'L26', '123'
27, 'test27@gmail.com', 'F27', 'L27', '123'
28, 'test28@gmail.com', 'F28', 'L28', '123'
29, 'test29@gmail.com', 'F29', 'L29', '123'
30, 'test30@gmail.com', 'F30', 'L30', '123'
31, 'test31@gmail.com', 'F31', 'L31', '123'
32, 'test32@gmail.com', 'F32', 'L32', '123'
33, 'test33@gmail.com', 'F33', 'L33', '123'
34, 'test34@gmail.com', 'F34', 'L34', '123'
35, 'test35@gmail.com', 'F35', 'L35', '123'
36, 'test36@gmail.com', 'F36', 'L36', '123'
37, 'test37@gmail.com', 'F37', 'L37', '123'
38, 'test38@gmail.com', 'F38', 'L38', '123'
39, 'test39@gmail.com', 'F39', 'L39', '123'
40, 'test40@gmail.com', 'F40', 'L40', '123'
41, 'test41@gmail.com', 'F41', 'L41', '123'
42, 'test42@gmail.com', 'F42', 'L42', '123'
43, 'test43@gmail.com', 'F43', 'L43', '123'
44, 'test44@gmail.com', 'F44', 'L44', '123'
45, 'test45@gmail.com', 'F45', 'L45', '123'
46, 'test46@gmail.com', 'F46', 'L46', '123'
47, 'test47@gmail.com', 'F47', 'L47', '123'
48, 'test48@gmail.com', 'F48', 'L48', '123'
49, 'test49@gmail.com', 'F49', 'L49', '123'
50, 'test50@gmail.com', 'F50', 'L50', '123'
51, 'test51@gmail.com', 'F51', 'L51', '123'
52, 'test52@gmail.com', 'F52', 'L52', '123'
53, 'test53@gmail.com', 'F53', 'L53', '123'
54, 'test54@gmail.com', 'F54', 'L54', '123'
55, 'test55@gmail.com', 'F55', 'L55', '123'
56, 'test56@gmail.com', 'F56', 'L56', '123'
57, 'test57@gmail.com', 'F57', 'L57', '123'
58, 'test58@gmail.com', 'F58', 'L58', '123'
59, 'test59@gmail.com', 'F59', 'L59', '123'
60, 'test60@gmail.com', 'F60', 'L60', '123'
61, 'test61@gmail.com', 'F61', 'L61', '123'
62, 'test62@gmail.com', 'F62', 'L62', '123'
63, 'test63@gmail.com', 'F63', 'L63', '123'
64, 'test64@gmail.com', 'F64', 'L64', '123'
65, 'test65@gmail.com', 'F65', 'L65', '123'
66, 'test66@gmail.com', 'F66', 'L66', '123'
67, 'test67@gmail.com', 'F67', 'L67', '123'
68, 'test68@gmail.com', 'F68', 'L68', '123'
69, 'test69@gmail.com', 'F69', 'L69', '123'
70, 'test70@gmail.com', 'F70', 'L70', '123'
71, 'test71@gmail.com', 'F71', 'L71', '123'
72, 'test72@gmail.com', 'F72', 'L72', '123'
73, 'test73@gmail.com', 'F73', 'L73', '123'
74, 'test74@gmail.com', 'F74', 'L74', '123'
75, 'test75@gmail.com', 'F75', 'L75', '123'
76, 'test76@gmail.com', 'F76', 'L76', '123'
77, 'test77@gmail.com', 'F77', 'L77', '123'
78, 'test78@gmail.com', 'F78', 'L78', '123'
79, 'test79@gmail.com', 'F79', 'L79', '123'
80, 'test80@gmail.com', 'F80', 'L80', '123'
81, 'test81@gmail.com', 'F81', 'L81', '123'
82, 'test82@gmail.com', 'F82', 'L82', '123'
83, 'test83@gmail.com', 'F83', 'L83', '123'
84, 'test84@gmail.com', 'F84', 'L84', '123'
85, 'test85@gmail.com', 'F85', 'L85', '123'
86, 'test86@gmail.com', 'F86', 'L86', '123'
87, 'test87@gmail.com', 'F87', 'L87', '123'
88, 'test88@gmail.com', 'F88', 'L88', '123'
89, 'test89@gmail.com', 'F89', 'L89', '123'
90, 'test90@gmail.com', 'F90', 'L90', '123'
91, 'test91@gmail.com', 'F91', 'L91', '123'
92, 'test92@gmail.com', 'F92', 'L92', '123'
93, 'test93@gmail.com', 'F93', 'L93', '123'
94, 'test94@gmail.com', 'F94', 'L94', '123'
95, 'test95@gmail.com', 'F95', 'L95', '123'
96, 'test96@gmail.com', 'F96', 'L96', '123'
97, 'test97@gmail.com', 'F97', 'L97', '123'
98, 'test98@gmail.com', 'F98', 'L98', '123'
99, 'test99@gmail.com', 'F99', 'L99', '123'
100, 'test100@gmail.com', 'F100', 'L100', '123'
